PATIENT,ANCHOR_DATE,window_found,window_month1_start,window_month2_start,window_month1_index_back,window_month2_index_back
a139c2c8-235b-1a61-99cf-1c99ff145983,1959-03-19,0,,,,
d45dff1f-b224-0692-bb46-e1f1e0ce92ed,1972-01-28,0,,,,
809009fa-1836-5bf4-8715-1f2f63e54545,1977-02-14,0,,,,
1319ff34-af6d-97d7-6a26-f692760900c0,1982-06-13,0,,,,
cecb570f-83a1-cd20-9b61-d9671be069ae,1983-09-25,1,1981-09-01,1981-10-01,24.0,23.0
62de9681-06e8-51d7-b4a5-d84cfc5198c1,1985-04-21,0,,,,
f07101cf-3159-22c8-00bb-fbfc33be378b,1985-06-11,0,,,,
a3d1575a-333f-69db-d2e1-b227260733f5,1987-05-11,0,,,,
030ccb8d-101a-6491-b6a0-7f39924b389e,1987-11-03,0,,,,
43284e60-0bed-35bf-69eb-755228131146,1987-11-13,0,,,,
ac882e7c-3fc5-b452-e07d-438f5180fb66,1988-04-03,0,,,,
6b495c93-c419-28ec-ba21-79fe9dffcef0,1988-11-24,0,,,,
2e470c4f-d9ba-d229-0f01-9dde48ab4aba,1990-01-01,0,,,,
042106ed-a1d8-7b7a-12bb-2c725d8e079f,1991-08-20,1,1990-06-01,1990-07-01,14.0,13.0
fd1a48c5-a831-51e0-4210-b0df41cd6e4d,1992-04-13,0,,,,
4abda6bd-553a-7460-ebae-ac7e7b8f6f77,1993-01-01,0,,,,
7c01ca6c-224f-8d5f-6430-060ce8080f32,1993-06-10,0,,,,
ffcf3a99-c51a-106d-08a2-b034ef3f5c07,1994-02-18,0,,,,
72e97fa7-9b11-b3fe-85f5-e8e75673a50f,1994-04-06,0,,,,
f645d88f-1773-2f4b-9cf9-f9e3634e4537,1994-09-11,1,1993-12-01,1994-01-01,9.0,8.0
b7f9e75d-57ab-dd5d-7f1f-1be06a13231c,1995-04-07,0,,,,
c70a8d4f-7aa2-ba39-b7e0-e6bf121f3a46,1995-07-21,0,,,,
d72f2cdf-8dce-5bcd-380f-b924c4ba289b,1997-10-13,1,1995-10-01,1995-11-01,24.0,23.0
8f1c83e4-ef19-c5df-3a3a-0ae1bb6805bf,1997-10-29,1,1996-10-01,1996-11-01,12.0,11.0
5445f953-b24b-28a8-1949-d32e7d9f0119,1998-05-27,0,,,,
29746f3b-0a8c-f199-d1ae-cec01356e11d,1998-09-10,0,,,,
2e8dbb74-386a-867e-3909-408679e703d2,1998-11-17,0,,,,
4fd046cb-1886-6a82-6a14-d41b52613311,1998-12-14,0,,,,
0c3fe2b0-73a7-64ab-f2bb-2e794a2afae7,1999-05-25,0,,,,
77675d45-0564-a2b0-5566-c84bc123af43,2000-01-23,0,,,,
016ec8b2-8c45-dbfa-fa9a-724d94925f5a,2000-04-23,1,2000-02-01,2000-03-01,2.0,1.0
1ee286c3-c851-29c1-162f-68376af72a93,2000-07-18,0,,,,
040b7c3e-34ec-deb5-fca6-363c4283315d,2001-03-01,0,,,,
502f3a28-7337-0d23-6000-e90539ed093a,2001-10-14,0,,,,
6fad8201-b87c-b94d-0795-8b7466e047cf,2002-03-24,0,,,,
9a3b61ca-08ad-2a21-7fde-076c99125318,2003-12-31,0,,,,
d101b7e4-baab-f4fd-23ac-206603c90a12,2004-03-28,0,,,,
4419959c-9229-7306-5c63-d60489a3dc83,2004-09-03,0,,,,
505a8e50-93e9-049c-ef95-49a558826d1f,2004-11-23,0,,,,
ad24c05b-caf5-b1b5-b994-e68ca788715c,2005-07-05,1,2004-05-01,2004-06-01,14.0,13.0
605b1ac7-3390-f81c-90c2-46eb04bf3818,2005-09-22,0,,,,
bef34083-dbcd-2f8a-a845-fa5a2df4abee,2005-10-24,0,,,,
352acc69-dc10-2932-0175-e08e5177a98b,2007-03-11,0,,,,
80717241-dbc3-aed1-8af7-cb0620dbfc28,2007-04-27,0,,,,
7f3f1945-5700-9be8-5cb5-84247b76a33a,2007-07-22,1,2006-01-01,2006-02-01,18.0,17.0
4acbc271-41e6-8d07-f5ae-4caaaeb92157,2009-02-10,0,,,,
4ff15baa-0d6c-2ec6-b2de-f1d0a894f5fc,2009-06-16,0,,,,
25f4a8e3-b6a9-419f-1d2c-27e86313c49c,2010-10-12,0,,,,
2a1da7c4-4730-694b-b994-6f351698d1b9,2012-07-26,0,,,,
8b99df46-206f-7872-d22a-8238a8e39055,2012-09-08,0,,,,
0c3a16f9-66fa-721a-a092-41ccddafa0dd,2012-09-18,0,,,,
dfa14006-45d0-8d46-03a9-aeccb17e30ee,2012-10-22,0,,,,
a89f544f-ee07-a78d-0c32-41026d217570,2013-01-27,0,,,,
6b2177c6-10c3-22cd-036f-afe1d7c6d3c9,2013-01-31,0,,,,
a4d6e3e1-3f9b-ea4c-01d1-0392649d4abe,2013-02-14,0,,,,
7f9b1904-b2f4-2716-a27a-ac36bf9a92bb,2013-09-14,0,,,,
e190d1c9-7478-eb22-c604-942cce04ac51,2013-10-31,0,,,,
87e02ac3-3dcf-42b4-1922-dc3ebe85811d,2013-12-30,0,,,,
3ddcd9ed-211c-c1a7-2ade-2da558b08b5e,2014-05-14,0,,,,
b46f4f39-b98d-277d-bded-b73948bc7bf5,2014-08-13,0,,,,
9e8d067c-849f-f77f-7445-1f49c96703b7,2014-10-25,0,,,,
6311d9bf-a3cf-d038-f028-1dc08390945d,2014-12-05,0,,,,
616ef8ac-873f-5fcb-8c00-6325544aae90,2014-12-09,0,,,,
9b6969e4-9907-ab0e-92c6-68152b181275,2014-12-22,0,,,,
22162d8d-c243-8c01-b27e-b9202ea2758d,2015-01-29,0,,,,
8db4e751-7820-0072-567e-d03e749710dc,2015-02-04,0,,,,
596ae6e9-ec78-eb9a-e0a4-cd6f0612999a,2015-03-23,0,,,,
dbb3d93f-5dbb-93c2-1946-54c89e3dc386,2015-08-17,0,,,,
11ddfec1-1c7d-d2ae-d8b0-5f1efbb0f534,2015-10-19,0,,,,
b938542b-aa4b-91f7-d5b9-c3bdc31fc8cd,2015-11-18,0,,,,
1e391eb9-3c83-2bc9-5ae6-06fd8052943e,2016-03-22,0,,,,
35b86233-9f2d-485a-9b5e-0f86ff9da189,2016-05-14,0,,,,
dfc29299-19c4-2d9a-ff8b-bdc72db17472,2016-06-05,0,,,,
025d8440-cf78-0735-9131-f0ea97cd69b9,2016-07-17,0,,,,
34fb4da6-7930-87e6-cc5b-4d779ac578ba,2016-08-30,0,,,,
52179b69-98b2-2043-21cc-32c0efd36d1c,2016-09-15,0,,,,
e95dd26f-1d83-c7cd-fd03-f7da0733987a,2017-01-28,0,,,,
e3f4ba9c-4ea7-17b3-cd26-64ca903f5580,2017-02-22,0,,,,
17996b5b-9a5f-124d-3541-ea8341f14dae,2017-03-06,0,,,,
27aa8f31-4304-f4f5-5180-06a279a3a3a9,2017-03-09,0,,,,
3d3ccd39-e7ac-69d1-df22-79aca3fb8527,2017-03-23,0,,,,
b2c72419-7f4f-5e19-5885-2057e8793977,2017-04-18,0,,,,
e7c7580d-e998-ed3a-ebd7-66c74751f357,2017-04-22,0,,,,
8c2ca07b-a6f9-1a36-50e7-f3d50d0d7f0a,2017-05-02,0,,,,
af75b7b6-56e8-9e94-73bc-d5f6a0dd2380,2017-05-17,0,,,,
e783a046-f5b7-e81d-a340-d7d838387a8b,2017-08-28,0,,,,
3e97e940-3027-469a-7199-ef954a7cefad,2017-09-07,0,,,,
d04917a1-3d4b-76d8-6574-1a98a3f28220,2017-11-07,0,,,,
538648c1-4603-651e-5078-dbcaaced53b0,2017-11-22,1,2016-01-01,2016-02-01,22.0,21.0
3e11cec4-3096-a023-8923-3ffb5959f979,2017-12-02,1,2017-02-01,2017-03-01,10.0,9.0
5e371606-a4c1-8562-9c5d-fc695a7bc056,2017-12-28,0,,,,
046185ec-94fe-4959-c127-7a0824bf9930,2018-01-04,0,,,,
ceabf509-a330-6a36-4f2e-f22313dd6f0b,2018-01-23,0,,,,
fa55c58a-8d90-74e2-16a7-0670e2871317,2018-02-13,0,,,,
d5aeb32b-f853-1b11-dec6-05dead2385b7,2018-02-25,0,,,,
9fd0e89c-98b8-25c2-7dff-0d382647f562,2018-03-24,0,,,,
41ed8245-f072-2bb4-734e-a5da79f9fd00,2018-05-16,1,2016-08-01,2016-09-01,21.0,20.0
eea4fabe-e386-fac0-578d-c2b2f874a056,2018-06-19,0,,,,
fe54bd6c-6bff-a114-250d-2b982bc0f71d,2018-07-10,1,2018-01-01,2018-02-01,6.0,5.0
5ed4bd13-9f62-714a-a94e-77398e5b8985,2018-07-30,0,,,,
b34f3983-e2ad-db30-8c6d-11e8d5d3d893,2018-09-19,0,,,,
66ada559-9b5e-f075-4ccb-ff6a7683a82c,2018-11-07,0,,,,
136b5015-9e0e-3771-558d-1e1d55101d53,2018-11-19,0,,,,
d687be12-3e23-a00e-38b1-765cb21b0867,2018-12-07,0,,,,
b4a5132f-ec9c-c04a-5863-aeb9688330e1,2018-12-08,0,,,,
492edfd6-8563-aa25-7f63-9c464a90ee0a,2018-12-22,0,,,,
c249b649-0351-826e-e74a-475659d2650d,2019-01-29,0,,,,
5e9f6587-a415-72bf-d405-e7daf7d25a82,2019-03-26,0,,,,
50609ece-bb71-195e-d31c-f770c4c557a2,2019-04-07,0,,,,
cc774244-66c6-0efb-96d3-70e4f6b257e3,2019-05-10,0,,,,
c4942d22-490c-a021-a5bf-93682f89d58e,2019-05-12,0,,,,
b5c6bee7-47f0-6a3d-a93b-897188463bda,2019-05-22,0,,,,
c9ae58cc-409a-d251-055a-4db7d9ff7613,2019-05-28,1,2019-04-01,2019-05-01,1.0,0.0
d925791a-8714-66f1-9fe9-dc0d2277ed12,2019-06-19,0,,,,
448d035b-9b1c-42f5-d532-626627f3b3ed,2019-06-29,0,,,,
eff10e1c-a597-9e59-ec0e-65489502298f,2019-09-07,0,,,,
3bfefc3b-cf5d-345b-0c22-ce61aedb3387,2019-10-22,0,,,,
7f3c24e6-35d9-d246-142e-1fdd27cb9adc,2019-11-06,0,,,,
7702d580-add3-a468-5cd9-bc9ae55187ba,2019-12-08,0,,,,
19744599-d711-4da9-cc7c-69e56c4c01df,2019-12-16,0,,,,
75a653ae-a13d-564c-c85f-928291ff1f58,2020-02-01,0,,,,
0b7b556c-0370-43f1-4dd6-1e2b17b0958d,2020-02-09,0,,,,
7b40edf5-9eb6-f590-4bd0-47283f54c2b6,2020-05-02,0,,,,
1431cccb-d160-67df-86e0-40d90275fc18,2020-12-15,0,,,,
e00ddf04-5397-78af-3436-5538750d39f9,2021-01-05,0,,,,
d78d1d14-73c7-f012-9908-2bee2ca16531,2021-01-06,0,,,,
8a0aff88-da88-b85a-e575-03ac057391ad,2021-01-28,0,,,,
bced078b-80da-23bc-072e-ff597f3910d0,2021-02-14,0,,,,
818f6574-e52a-c542-5232-5fb9b2baf1ad,2021-06-09,0,,,,
fdb7fbaa-83a7-9b75-40d6-8302fbae5839,2021-07-15,0,,,,
f58cb398-2c53-46f8-a8f1-42dcf81e6ba1,2021-09-06,1,2021-08-01,2021-09-01,1.0,0.0
36e67824-68e8-f7ba-7f93-fd9fc9f59e30,2021-09-27,0,,,,
0ea0b9b4-9131-1528-bb0c-e0637174781e,2021-10-02,0,,,,
39cf4d94-2ae4-6e79-6382-0f6663d85275,2021-11-15,0,,,,
34bab139-f68e-0e74-6fc8-de43fac7dedd,2022-01-08,0,,,,
e8a90006-722e-a496-1bec-d2a86efb0065,2022-01-09,0,,,,
7969d381-b31b-c69c-400c-5fb1a3a14dab,2022-03-07,0,,,,
a51a49b0-63dd-d9f3-a332-c90ff5493e90,2022-03-15,0,,,,
883e6b38-fb63-e923-bef6-15587e345fc4,2022-03-24,0,,,,
f6e906ec-99c0-30b6-5c20-ef6b628d7ff1,2022-05-03,0,,,,
d5870359-a25b-50fb-03d1-aaf900616e36,2022-05-10,0,,,,
f86d427d-fd1f-3c58-887a-c8c58563e072,2022-05-26,0,,,,
d4b3b697-d84a-1ca0-e532-2eb6417a3077,2022-06-05,0,,,,
33471a78-dff3-209f-c124-e44d8797078c,2022-07-06,0,,,,
391a3ffd-665e-87d9-aab0-851cb39092c9,2022-07-20,0,,,,
56cf2474-3e4f-aacc-b1ff-d3269cb8329f,2022-08-18,0,,,,
eb7726ca-696c-6984-e6f5-a067be409163,2022-08-21,0,,,,
a5fe3ee1-542d-3a14-ae09-3dce7caa4e98,2022-09-15,0,,,,
7db2fdcb-ce5e-7b1f-a432-4df5a3cd3cef,2022-09-16,0,,,,
99ed1e8c-16ba-3ddc-080a-e5eb9be03bba,2022-10-25,0,,,,
bd1b3532-24e7-2658-db7a-aa9a119995e5,2022-11-01,0,,,,
e6654544-eccd-1369-8e8c-3499267c3255,2022-12-16,0,,,,
d0bfa1e1-30ca-2986-1ffd-2a8d0f4d8ba7,2023-02-03,0,,,,
99199767-7461-7c51-e360-ba601a8c196e,2023-02-10,0,,,,
3be9ec01-d5a0-7007-c864-53e5870404f1,2023-03-14,0,,,,
cb124973-2cd0-d991-c9a4-fd904e21fa87,2023-03-17,0,,,,
7c69bc56-194b-de8e-5427-ed9f096ab8c5,2023-03-23,0,,,,
2b5928ea-b569-ca49-8955-7e2d42b8da1d,2023-04-07,0,,,,
578f5684-8676-4c11-a53c-0d47b23f9522,2023-04-25,0,,,,
d918e58c-5953-ed64-cb3a-7760991e2063,2023-06-26,0,,,,
475a5556-388b-4633-cff9-50f34e1a7a94,2023-08-24,0,,,,
ba2e141e-d3a3-a56a-698f-cc227011ae0c,2023-11-04,1,2022-07-01,2022-08-01,16.0,15.0
35ea7f43-8d05-7add-207d-8f3376142f68,2023-11-09,0,,,,
da2ebf2e-581a-e4c2-1249-817bd9d71f6f,2023-11-30,0,,,,
46804033-7bf4-2b6c-bc12-d475154a5a6a,2023-12-19,1,2022-02-01,2022-03-01,22.0,21.0
69a180ce-2669-2d15-7086-1afc8cad9310,2023-12-27,0,,,,
77969ea8-5175-1777-c4af-1438c4f787ef,2023-12-27,0,,,,
fbe29f96-fa8b-27c6-7a9d-6b174dd19481,2024-01-18,0,,,,
358c671f-cf96-2c23-d8f4-253f53a5f7d2,2024-02-17,1,2023-09-01,2023-10-01,5.0,4.0
e27c86ee-1dfa-af4d-c85d-06e772d0fb90,2024-03-13,0,,,,
4e49ad5d-59ac-8349-86ae-796cc2cbbf43,2024-03-25,0,,,,
8fa6584e-ce9f-7a8a-dfa8-adb7c7ec7a07,2024-04-11,0,,,,
b517e050-8864-b6c4-f2d3-370e82e6787b,2024-04-18,0,,,,
5518d482-a748-40d7-5423-fd40f968c28d,2024-04-19,1,2023-12-01,2024-01-01,4.0,3.0
6e124cbc-98cb-5088-d338-af2ee684562e,2024-05-03,1,2023-06-01,2023-07-01,11.0,10.0
3a5ea861-a56e-5eca-56cd-1b3226265077,2024-05-03,0,,,,
a49d11c6-539b-9bcc-5684-8b817ae9670c,2024-06-21,0,,,,
ef739f59-ea01-3d6d-f5d1-874e5066d559,2024-07-31,0,,,,
87f1679f-f305-100f-b4d9-4c9fdd6bc14a,2024-08-10,0,,,,
a4c23b36-1cc0-27a7-ad70-3ae04cc2a618,2024-09-24,0,,,,
f97f3b05-e18d-b28e-550d-c013608afa24,2024-10-25,0,,,,
3ecf1bfa-4b9f-01c3-c44a-60ae123a0f5f,2024-11-16,0,,,,
9b14d79c-12a1-7175-5e81-aed223e4fcc0,2024-11-17,0,,,,
dd813382-bdac-5f99-77ea-6ca1b5e42dbc,2024-12-05,0,,,,
f9803c17-2324-8240-40c1-714d8cd0b07a,2025-01-17,0,,,,
e8a80f93-63a0-2f78-d236-4d0f150cbd8e,2025-01-20,0,,,,
40eaf7b7-0d37-cffb-fe21-acb0d09e116f,2025-02-19,0,,,,
3b241e73-9c3a-1021-5737-a36fe6f77dc5,2025-05-26,0,,,,
a59b06f0-47e3-8f72-aa51-d9a5a6702207,2025-07-03,0,,,,
5155717f-98c5-1567-7d5c-080880a86792,2025-07-31,0,,,,
37b052f5-2b6e-5546-0dc6-c3d3296552e2,2025-08-31,0,,,,
dfcd447a-b672-610f-f4fc-aabb18366baa,2025-09-09,0,,,,
2f3c71b2-37eb-6352-c9e5-63c7fe882e5e,2025-09-21,0,,,,
ab844ba5-c33e-c72b-5b62-15c300969174,2025-11-05,1,2024-04-01,2024-05-01,19.0,18.0
030f8515-93b4-8b37-e440-76923be1cc58,2025-11-30,0,,,,
7c64bd35-5884-472d-c477-c86745778ced,2025-12-08,0,,,,
64b4e7a0-b84c-c087-cb0d-a4679afe0158,2025-12-15,1,2024-04-01,2024-05-01,20.0,19.0
b5a9bc6f-e876-818b-62d4-59e1b02a7c2b,2024-12-19,0,,,,
9e73b439-61ec-7b4d-a950-48ad79a1f7aa,2025-11-25,0,,,,
7da3b4f0-f6f4-053b-0a49-24d9cde4fa2c,2025-11-08,0,,,,
d8600a65-cfa6-47ac-1d4c-758d659116d0,2025-06-05,0,,,,
a28ee542-f054-47dd-6650-ebcde0675d18,2024-12-29,0,,,,
25e47e85-f9da-2e2f-6f1e-76753535cc84,2025-05-17,0,,,,
ee9852ee-edf8-c2d5-3007-8b47b9e4f6d3,2025-09-01,0,,,,
186341c6-1b97-9cfd-8a87-af3d714ef99a,2025-03-30,0,,,,
32c1614e-4200-2b52-a3d7-34993ddfa7c1,2025-05-20,0,,,,
fb3c21f7-a672-7dda-8a64-5a932d7f96cb,2025-05-06,0,,,,
b9184a17-a91f-3e50-efc8-7900529f4498,2025-09-16,0,,,,
098e7f68-bbea-18d6-c65d-5cb1390a3019,2025-11-08,0,,,,
6108fb2a-1eda-2f63-584a-eab29f9ee2ca,2025-06-19,0,,,,
af74b335-0981-269d-e1c3-3c1bf4a8a727,2025-03-25,0,,,,
b96a76a3-4588-5b71-08cf-47c7e96c9ff1,2025-07-18,0,,,,
317ddb34-1549-5d55-16ea-7a059a2360f9,2025-07-25,0,,,,
549b548b-bc2c-0b64-7d83-13ccd4d7035f,2025-11-20,0,,,,
9a8ae182-2358-0d50-6e2b-deccdf2ee5fd,2025-08-16,0,,,,
43384054-9d1c-0e38-d571-27b89be2b25c,2025-04-30,0,,,,
987b10b1-a049-3683-a110-cea837444571,2025-10-30,0,,,,
6eea8f02-a6cd-a2c9-715f-84f3ad1373e6,2025-08-11,0,,,,
2108cd1e-7404-bee7-fe4d-31c23641967b,2025-09-20,0,,,,
0fe5fbb0-e284-5d92-a4c5-dd66da021a75,2025-09-09,0,,,,
7065a1a3-1eaf-dd65-ad3a-10acc66fa077,2025-11-23,0,,,,
ab666692-6b9b-d043-55c5-7c7e03400bc9,2025-10-19,0,,,,
4cc2ce8e-7ede-6936-597b-070428918bf2,2025-09-17,0,,,,
264cfd46-6f12-9cde-62ea-36ff29f95e71,2025-06-17,0,,,,
44e288ee-dc33-b5f4-0a41-68b959804c06,2025-09-01,0,,,,
3c410c5e-5f6c-66fb-34c8-bddffd30acc5,2025-09-24,0,,,,
e1a2c595-3968-79db-46f7-0c5222825bd9,2025-05-28,0,,,,
b4c6cf90-08a9-2800-faa8-711fe26f44cf,2025-09-23,0,,,,
eb9c531e-0d36-057a-5beb-31cb33d7a452,2025-06-11,0,,,,
92413cb9-2999-9896-1130-6092b7790d74,2025-11-16,0,,,,
d4b66e9e-05b2-91a5-39f8-0bb3cf9f3c0a,2025-11-26,0,,,,
9c1d6ec5-db6e-48f4-3a8c-09582d0e6f3a,2025-01-06,0,,,,
5ddf12d5-4d9a-5d87-cbbf-96e57e38877a,2003-11-20,0,,,,
68855687-9592-d41f-df49-60cd3f327ef7,2022-10-28,0,,,,
757bbc63-175e-4750-a180-a4ced0e1e56d,2025-11-21,0,,,,
81390ab2-bf76-97e5-9b65-c2c97ab54a71,2025-10-16,0,,,,
5ea358d3-4f4c-0367-fb3b-05b3c5986df6,2025-04-18,0,,,,
b4ffd995-acbe-525b-d6c9-c29906c3d9f3,2025-11-15,0,,,,
e06029d9-f8d8-4624-ba68-0bdb630ca428,2025-08-27,0,,,,
475ecb52-9329-63be-1782-c1b00fc55794,2025-01-23,0,,,,
43334697-c400-ddf6-356e-efe312d19370,2025-03-10,0,,,,
8664165d-a9a7-10f2-073c-ad318320d296,2025-06-23,0,,,,
fdb5150f-02ec-1df1-fcc3-ffff94f59ca1,2025-06-24,0,,,,
476ebf67-0d2e-a35c-6a57-182e8745c501,2025-06-17,0,,,,
df3721ef-6b3d-082a-2549-a5f8dac69033,2025-06-03,0,,,,
e1db9db7-d8fa-a08a-b924-3c35a0fad84a,2025-10-07,0,,,,
f2c68c25-2693-8f3b-139e-f28842587aab,2025-09-03,0,,,,
49886776-3aa1-5bc3-2b90-da865204f4f1,2025-03-21,0,,,,
0af19869-d7cc-0b8a-479a-83e883ea9d04,2025-11-21,0,,,,
b5e015d2-4d70-39b3-403b-26bddf93c95e,2025-07-01,0,,,,
9339ad7a-e763-536e-3048-a6d108ca921e,2025-11-26,0,,,,
c81f029f-0731-5a61-867b-67a3126b28bd,2025-08-12,0,,,,
85321eaa-6665-cf3b-f8ce-40456fd52889,2025-05-23,0,,,,
70373cd2-4001-b3ef-886a-ad52270cef39,2025-10-23,0,,,,
231806ea-7249-bd7b-3b00-1e1c7c76ac5b,2025-11-22,0,,,,
80c7d089-b6f0-9abf-5c29-63e267c7dab1,2025-11-19,0,,,,
82fcb7a7-59ae-ffba-74fd-3168d2f1d190,2025-11-15,0,,,,
34bd12e0-850b-4cb6-7a70-b16b15e3a3f4,1990-12-25,0,,,,
a48d63e9-5d90-5ea3-e49a-6a59e72787f9,2025-09-25,0,,,,
891662c8-6bff-df34-9af8-19a7554ad4a1,2025-08-02,0,,,,
83ac5323-02d5-2675-2565-17f08775e244,2025-11-20,0,,,,
4d5460ea-a90a-ee42-a02c-996f13d075d8,2025-11-05,0,,,,
4056e578-5b8f-6b5b-6d2b-170705c9a87c,2025-11-12,0,,,,
fc47c30e-7c13-0e25-fe08-8d51d5243958,2025-10-30,0,,,,
277f3af0-3077-052a-1d2a-cc84a9d61deb,2025-06-29,0,,,,
fe0bcfcf-9d71-5f70-edd8-3d54df2177d2,2025-11-14,0,,,,
a52c884c-b95b-19e2-e027-0c7a316d1306,2025-11-06,0,,,,
8d78d76a-6af2-4c32-35a2-482e0867faf6,2025-03-18,0,,,,
2ff786fc-128d-8f5e-d71a-6a4ebb14f929,2025-11-12,0,,,,
d964652f-3a31-3724-03d6-6def4bc3525b,2024-08-01,0,,,,
9eb7d1fe-2b23-45fb-a27a-b939445ee45a,2025-08-04,0,,,,
2e991639-dc2f-428e-3ddd-2996e4bcc0f5,1995-01-17,0,,,,
9fffbfb9-338d-77fe-3e76-23975e9c3fff,2025-11-19,0,,,,
efc3315a-7a50-08c5-3862-890331e088b4,2025-09-29,0,,,,
1b60c646-fe7c-4f83-e143-2d77e1f78bb4,2025-02-17,0,,,,
27836f47-2656-0f1c-7a47-7bc72088cc0d,2025-11-26,0,,,,
97775aaf-97ed-a623-27e7-64279697a86f,2025-11-03,0,,,,
0ccaec5a-7ec1-de85-9e8e-fcb908f92387,2025-07-26,0,,,,
6fd72958-93ad-1233-1b5d-b468f99aee9e,2025-09-02,0,,,,
786171fa-0454-4d62-4be9-84587a73257f,1996-07-30,0,,,,
fe9f3118-0f76-572b-b943-66bb03186fd7,2025-08-13,0,,,,
49288441-a0dd-8303-8cd8-d8dbc27a13d0,2025-06-08,0,,,,
c51ca119-cbfb-1180-2552-2cff913920c1,2025-05-03,0,,,,
a06d9d91-7e2d-91ef-89bc-cb0cc28e1474,2025-11-21,0,,,,
71003cca-07c3-8630-f3fc-840d062c0697,1977-10-28,0,,,,
ec02d7ea-276b-c846-b5c3-f870a15ba3ad,2025-08-12,0,,,,
57933c33-36b8-908e-cd4e-5518e1e64c4e,2025-11-09,0,,,,
0217ba5f-439e-88a4-2461-5d17bcd4dac5,2025-03-10,0,,,,
dca04157-a952-aaa0-5a50-b4dffb3cb88e,2025-07-15,0,,,,
ef36a4b5-c157-834b-a395-0bb5bc944f40,2025-11-12,0,,,,
04ed72ec-3dc2-9b4d-c8e1-c72819342a72,2012-02-20,0,,,,
22f8f3c5-4bb9-b7ae-b470-e0ab2861fc4d,2025-05-04,0,,,,
2cb02fae-b135-f669-f886-b94758ecb052,2025-10-29,0,,,,
d5a5faff-ba0e-711f-6219-0d405edf053e,2025-09-12,0,,,,
261d2670-ca65-9a26-f880-bfa1f3dfc598,2024-12-15,0,,,,
596c3867-4c76-b01a-e927-2798dafbf1b6,2022-09-20,0,,,,
3cc5cd19-fcf6-2ef4-b207-dbf572e12d77,2025-11-25,0,,,,
aec7679b-34de-d30a-cb82-7ff298f15f6a,2002-12-26,0,,,,
ef58f762-145e-b02b-515c-fd3346e86b6e,2025-04-02,0,,,,
22ed7b6f-b92f-2982-f829-98917d724397,2025-01-07,0,,,,
dc0e5fc6-0ac5-47b0-1215-fbcd01dcb9b6,2025-11-14,0,,,,
297a88fb-e13b-4761-fb9b-22ba130ecfa2,2025-06-14,0,,,,
d2c266bc-8e6f-4c07-dcbf-48a6ac5f64bc,2025-09-17,0,,,,
1439a2df-62aa-379e-adbe-0a7f1226332e,2025-10-08,0,,,,
a09da448-e27f-5ed6-a662-76476e7d7929,2025-06-12,0,,,,
e288ca69-3907-12c3-6263-f49881433aea,2025-10-14,0,,,,
dd78f867-b641-952f-9b77-e31dda12272b,2025-07-17,0,,,,
0c725e4d-f6a9-7c97-f743-c39c64d063d0,2025-09-23,0,,,,
610480a3-5a6a-81b9-4176-76401da93258,2025-10-23,0,,,,
6b9ce6ac-feb0-99b4-9915-9181cee952ef,2025-08-19,0,,,,
a8010576-14c2-6b13-af2e-1c65e4299352,1977-08-28,0,,,,
264a6351-15c1-7a8b-c842-a1c13b941f68,2025-09-25,0,,,,
24039d3a-bbdf-940d-c1b2-ce7ce6f1baa9,2025-10-16,0,,,,
244b304c-4249-3209-d291-be269dd99811,2025-11-14,0,,,,
98984c48-8c1f-b590-43ff-fb8985c7d60b,2025-10-06,0,,,,
2820211f-f0de-ef62-5744-aa58796c4c1a,2025-07-23,0,,,,
689be427-9412-61a4-f729-4ff1d12c5ee6,2025-10-30,0,,,,
34363003-089a-3472-309b-b0318e37e022,2025-05-09,0,,,,
dac1fc5f-fc76-c977-c0cc-a341e80d6d5a,2025-10-30,0,,,,
bdf223fa-e7c1-b823-29a4-d2019b340941,2007-03-07,0,,,,
e4d51b0e-5527-473d-c451-9fd1a02f886d,2023-08-01,0,,,,
1ee615d5-cb1f-2e03-069e-bcf815adb875,2025-07-04,0,,,,
a78c35c7-b310-df4e-69dc-d4099063ad3e,2019-11-28,0,,,,
f4aa8832-2c51-2bf8-c15d-310fcf08c7d8,2025-10-18,0,,,,
1c32da5f-db02-39c3-d97b-15529e13c069,2025-10-08,0,,,,
0397338c-8abb-2b57-ed69-5683a8119a20,2025-06-08,0,,,,
4ccff6ba-9d74-ce1e-f6cb-8d68698d1c07,2005-06-23,0,,,,
075c1edd-4a77-ea13-bac9-84a60c704146,2025-11-20,0,,,,
9c684f36-c165-8e98-3d73-d7d75e88c60e,2025-10-01,0,,,,
475904f3-647b-fe17-b136-13baf2640f61,2007-10-15,0,,,,
6d61abaf-9dc8-739b-136c-eee41faabb8b,2025-07-31,0,,,,
243f22a6-0c89-8076-e5a8-9dfda1157029,2025-04-02,0,,,,
12ec31fb-fa0b-4a26-d0ae-8807f582ee9f,2025-10-27,0,,,,
a69a8f47-1516-b661-9d97-4597d9e81875,2025-10-26,0,,,,
5aac8595-86b3-95e2-18dd-d7cc458a9154,2025-11-15,0,,,,
78693c59-d6e9-31f8-1e9b-29b81d2d92c2,2024-12-16,0,,,,
60e9bea0-ea45-7ba2-379a-77188dfc3bda,2025-06-27,0,,,,
8d6092a1-cc25-9571-b6ec-a0fd43ca1e18,2025-11-25,0,,,,
6ca45e23-e715-07ab-34f6-09d92bf05d77,2025-09-04,0,,,,
014cd32c-5f77-45a0-ccef-b4a834dc7a9b,2024-04-30,0,,,,
0d6ecf97-ac44-db5d-2362-10a16870104d,2025-11-16,0,,,,
938e7810-3ba7-e527-f088-de956786481a,2025-06-02,0,,,,
87c97751-cfce-f0e5-9690-8c7031153177,2025-06-14,0,,,,
8865ec35-88f4-7115-40cf-56828ba761e9,2025-07-16,0,,,,
39a946e8-afd4-868a-bcb3-dea5098bbef1,2025-06-10,0,,,,
66c4cb74-df9f-79bd-5c66-0b70e59f385d,2025-04-12,0,,,,
1b101438-5a00-83af-0320-bf946ec6c03f,2025-09-07,0,,,,
6bd49d1b-9998-2969-e7b5-0db83af04851,2025-11-17,0,,,,
f69281c0-f075-3d3e-21a6-96527ca099b1,2006-04-19,0,,,,
7502f661-625a-b95f-46cb-d50fe89b9913,2025-08-19,0,,,,
10f94f8b-685c-6171-ecbc-262da8cb9d93,2014-09-27,0,,,,
c441b924-50c0-255d-2359-03460d7d518b,2025-11-16,0,,,,
b437d64b-7ba7-77e4-81e6-231081046190,2025-08-28,0,,,,
97467fe1-7928-3f27-5245-7c8d7d934f4c,2025-10-21,0,,,,
911082ca-cbe6-7283-097f-8db50977cdfa,2025-10-12,0,,,,
0290cf76-fa3d-0cf2-e6c1-456390e63f79,2024-09-01,0,,,,
17643622-3278-6b81-ec13-fda96a073141,1992-08-01,0,,,,
adb63a22-f075-0bae-1120-f51a97af312f,2013-02-04,0,,,,
9bb690ea-df8f-ceba-6223-17fca4535614,2025-11-01,0,,,,
de318b81-07f3-3c03-2e82-9085c96ed284,2025-03-18,0,,,,
89736765-f5e6-ccc6-d24c-b43a17f2c6e7,2025-10-06,0,,,,
1452d682-bdbd-5f3e-5061-dd12896aa542,2025-10-21,0,,,,
d3f91fa3-9fbb-61fa-ce95-af68c88bdad6,2025-10-26,0,,,,
b3b7278f-558f-91f7-3802-b82a2358e2c9,2025-09-07,0,,,,
022e46a9-0762-9759-4811-462b9c450d80,2025-09-17,0,,,,
350870f6-547e-2be3-2903-02bbe1a05e0f,2025-10-08,0,,,,
7798e1ec-b093-929f-8f84-45a6af33c43c,2025-09-30,0,,,,
ace44dc2-7464-f085-e5be-4498a2bd834b,2025-10-21,0,,,,
ae20c904-89ae-51b9-aa25-94a6ccf60964,2025-10-03,0,,,,
e74f449f-6c76-32e3-e08f-8acffc6f1548,2003-09-09,0,,,,
19e3e576-1ddd-68f8-fbcc-a6c4c863f2d0,2025-09-11,0,,,,
189cde31-b6e2-b7a0-cb39-fb4fb455d3ef,2025-03-27,0,,,,
ceec0beb-3e0a-40b2-9313-cfe0521d4665,2025-10-06,0,,,,
37345105-1484-7095-df07-f8b0597288d1,1985-11-12,0,,,,
36bbe11b-651c-30a8-bed4-629ccd1b4493,2025-04-09,0,,,,
1a1ca869-6ce7-2817-08e2-523fa65f1098,2025-10-15,0,,,,
a5897fd3-5313-ea7b-d522-87c9fe176656,2025-06-02,0,,,,
f5964ad9-5d51-3b70-7016-43d940a1bb39,2025-04-23,0,,,,
5f93c949-dbd8-7212-4803-4e88a8f78562,2025-07-15,0,,,,
204c5bda-04d1-8fc5-35ab-13ce42e6123c,2025-09-21,0,,,,
47b59aed-264c-3afb-562a-72c76a42e4b6,2025-07-08,0,,,,
04ba472a-f36f-24bd-77cd-4fdd98026be4,2021-07-18,0,,,,
dbffac5b-6703-d97c-144e-0760e38107a3,2025-07-31,0,,,,
f439627a-0eee-b4b8-48d9-2ddfd1b4f439,2025-11-08,0,,,,
fceaf3cb-2ad2-e68f-aba5-32a73f584be8,2025-05-04,0,,,,
d6edfff1-eff5-0ca5-061b-25e33d591a5b,2025-05-15,0,,,,
e88f5bbf-2379-99de-4b0b-b601ca5aa269,2025-10-21,0,,,,
63398dc4-4eda-a0a6-7178-809f9e182233,2025-09-13,0,,,,
c8e6c76d-0149-3672-d03b-a54041496080,2025-10-26,0,,,,
6dace7ac-194c-e1b7-cba9-fdd6de122d95,2001-02-27,0,,,,
4e900604-3131-936e-dcd1-512210f0a300,1996-10-01,0,,,,
cead2b1b-cc3e-fd59-c2fb-cf1f40752d94,2025-11-23,0,,,,
add7b1ff-29cc-8c14-ba64-6b06a7c0f011,1972-09-28,0,,,,
ae078dbe-342d-4ab1-6667-15122ec2c587,2025-10-26,0,,,,
